Date,NIFTY close,USDINR,NIFTY in USD,Brent ($),US 10Y (%),DXY,India VIX,FII net (Rs cr),DII net (Rs cr),FII idx fut long (contracts),FII idx fut short (contracts),FII long %,Structural (Bullish/Bearish/Neutral),India allocation (Gaining/Losing/Unclear),Positioning (Long/Short/Crowded long/Crowded short/Unclear),Volatility (Cheap/Fair/Expensive),Catalyst (None/Macro/News/Earnings/Expiry/Flow/Policy),Key news & time,Reaction to news (With/Ignored/Against/No news),Layers diverge? (Yes/No),Story in one line,Decision (No trade/Paper/Live),Edge / thesis,Invalidation,Forecast statement,Resolves on,My probability (0-1),"Market probability (0-1, option delta)",Market prob source,Outcome (1/0),My Brier,Market Brier,Lesson
"2026-10-01 (EXAMPLE - illustrative values, replace)",22620,89.5,"=IF(OR(B2="""",C2=""""),"""",B2/C2)",92.4,4.65,104.2,18.4,-10148,7900,45000,205000,"=IF(OR(K2="""",L2=""""),"""",K2/(K2+L2))",Bearish,Losing,Crowded short,Expensive,Flow,"Quarter-end FPI selling, reported evening",Ignored,Yes,FPIs dumping but NIFTY held; shorts crowded,No trade,Possible short-covering bounce; no edge yet,FII long % falls further and USDINR breaks higher,NIFTY closes above 22800 at next Tuesday expiry,2026-10-06,0.35,0.31,22800 CE delta 0.31 (Sensibull),0,"=IF(OR(AE2="""",AB2=""""),"""",(AB2-AE2)^2)","=IF(OR(AE2="""",AC2=""""),"""",(AC2-AE2)^2)",Divergence alone was not enough
,,,"=IF(OR(B3="""",C3=""""),"""",B3/C3)",,,,,,,,,"=IF(OR(K3="""",L3=""""),"""",K3/(K3+L3))",,,,,,,,,,,,,,,,,,,"=IF(OR(AE3="""",AB3=""""),"""",(AB3-AE3)^2)","=IF(OR(AE3="""",AC3=""""),"""",(AC3-AE3)^2)",
,,,"=IF(OR(B4="""",C4=""""),"""",B4/C4)",,,,,,,,,"=IF(OR(K4="""",L4=""""),"""",K4/(K4+L4))",,,,,,,,,,,,,,,,,,,"=IF(OR(AE4="""",AB4=""""),"""",(AB4-AE4)^2)","=IF(OR(AE4="""",AC4=""""),"""",(AC4-AE4)^2)",
,,,"=IF(OR(B5="""",C5=""""),"""",B5/C5)",,,,,,,,,"=IF(OR(K5="""",L5=""""),"""",K5/(K5+L5))",,,,,,,,,,,,,,,,,,,"=IF(OR(AE5="""",AB5=""""),"""",(AB5-AE5)^2)","=IF(OR(AE5="""",AC5=""""),"""",(AC5-AE5)^2)",
,,,"=IF(OR(B6="""",C6=""""),"""",B6/C6)",,,,,,,,,"=IF(OR(K6="""",L6=""""),"""",K6/(K6+L6))",,,,,,,,,,,,,,,,,,,"=IF(OR(AE6="""",AB6=""""),"""",(AB6-AE6)^2)","=IF(OR(AE6="""",AC6=""""),"""",(AC6-AE6)^2)",
,,,"=IF(OR(B7="""",C7=""""),"""",B7/C7)",,,,,,,,,"=IF(OR(K7="""",L7=""""),"""",K7/(K7+L7))",,,,,,,,,,,,,,,,,,,"=IF(OR(AE7="""",AB7=""""),"""",(AB7-AE7)^2)","=IF(OR(AE7="""",AC7=""""),"""",(AC7-AE7)^2)",
,,,"=IF(OR(B8="""",C8=""""),"""",B8/C8)",,,,,,,,,"=IF(OR(K8="""",L8=""""),"""",K8/(K8+L8))",,,,,,,,,,,,,,,,,,,"=IF(OR(AE8="""",AB8=""""),"""",(AB8-AE8)^2)","=IF(OR(AE8="""",AC8=""""),"""",(AC8-AE8)^2)",
,,,"=IF(OR(B9="""",C9=""""),"""",B9/C9)",,,,,,,,,"=IF(OR(K9="""",L9=""""),"""",K9/(K9+L9))",,,,,,,,,,,,,,,,,,,"=IF(OR(AE9="""",AB9=""""),"""",(AB9-AE9)^2)","=IF(OR(AE9="""",AC9=""""),"""",(AC9-AE9)^2)",
,,,"=IF(OR(B10="""",C10=""""),"""",B10/C10)",,,,,,,,,"=IF(OR(K10="""",L10=""""),"""",K10/(K10+L10))",,,,,,,,,,,,,,,,,,,"=IF(OR(AE10="""",AB10=""""),"""",(AB10-AE10)^2)","=IF(OR(AE10="""",AC10=""""),"""",(AC10-AE10)^2)",
,,,"=IF(OR(B11="""",C11=""""),"""",B11/C11)",,,,,,,,,"=IF(OR(K11="""",L11=""""),"""",K11/(K11+L11))",,,,,,,,,,,,,,,,,,,"=IF(OR(AE11="""",AB11=""""),"""",(AB11-AE11)^2)","=IF(OR(AE11="""",AC11=""""),"""",(AC11-AE11)^2)",
,,,"=IF(OR(B12="""",C12=""""),"""",B12/C12)",,,,,,,,,"=IF(OR(K12="""",L12=""""),"""",K12/(K12+L12))",,,,,,,,,,,,,,,,,,,"=IF(OR(AE12="""",AB12=""""),"""",(AB12-AE12)^2)","=IF(OR(AE12="""",AC12=""""),"""",(AC12-AE12)^2)",
,,,"=IF(OR(B13="""",C13=""""),"""",B13/C13)",,,,,,,,,"=IF(OR(K13="""",L13=""""),"""",K13/(K13+L13))",,,,,,,,,,,,,,,,,,,"=IF(OR(AE13="""",AB13=""""),"""",(AB13-AE13)^2)","=IF(OR(AE13="""",AC13=""""),"""",(AC13-AE13)^2)",
,,,"=IF(OR(B14="""",C14=""""),"""",B14/C14)",,,,,,,,,"=IF(OR(K14="""",L14=""""),"""",K14/(K14+L14))",,,,,,,,,,,,,,,,,,,"=IF(OR(AE14="""",AB14=""""),"""",(AB14-AE14)^2)","=IF(OR(AE14="""",AC14=""""),"""",(AC14-AE14)^2)",
,,,"=IF(OR(B15="""",C15=""""),"""",B15/C15)",,,,,,,,,"=IF(OR(K15="""",L15=""""),"""",K15/(K15+L15))",,,,,,,,,,,,,,,,,,,"=IF(OR(AE15="""",AB15=""""),"""",(AB15-AE15)^2)","=IF(OR(AE15="""",AC15=""""),"""",(AC15-AE15)^2)",
,,,"=IF(OR(B16="""",C16=""""),"""",B16/C16)",,,,,,,,,"=IF(OR(K16="""",L16=""""),"""",K16/(K16+L16))",,,,,,,,,,,,,,,,,,,"=IF(OR(AE16="""",AB16=""""),"""",(AB16-AE16)^2)","=IF(OR(AE16="""",AC16=""""),"""",(AC16-AE16)^2)",
,,,"=IF(OR(B17="""",C17=""""),"""",B17/C17)",,,,,,,,,"=IF(OR(K17="""",L17=""""),"""",K17/(K17+L17))",,,,,,,,,,,,,,,,,,,"=IF(OR(AE17="""",AB17=""""),"""",(AB17-AE17)^2)","=IF(OR(AE17="""",AC17=""""),"""",(AC17-AE17)^2)",
,,,"=IF(OR(B18="""",C18=""""),"""",B18/C18)",,,,,,,,,"=IF(OR(K18="""",L18=""""),"""",K18/(K18+L18))",,,,,,,,,,,,,,,,,,,"=IF(OR(AE18="""",AB18=""""),"""",(AB18-AE18)^2)","=IF(OR(AE18="""",AC18=""""),"""",(AC18-AE18)^2)",
,,,"=IF(OR(B19="""",C19=""""),"""",B19/C19)",,,,,,,,,"=IF(OR(K19="""",L19=""""),"""",K19/(K19+L19))",,,,,,,,,,,,,,,,,,,"=IF(OR(AE19="""",AB19=""""),"""",(AB19-AE19)^2)","=IF(OR(AE19="""",AC19=""""),"""",(AC19-AE19)^2)",
,,,"=IF(OR(B20="""",C20=""""),"""",B20/C20)",,,,,,,,,"=IF(OR(K20="""",L20=""""),"""",K20/(K20+L20))",,,,,,,,,,,,,,,,,,,"=IF(OR(AE20="""",AB20=""""),"""",(AB20-AE20)^2)","=IF(OR(AE20="""",AC20=""""),"""",(AC20-AE20)^2)",
,,,"=IF(OR(B21="""",C21=""""),"""",B21/C21)",,,,,,,,,"=IF(OR(K21="""",L21=""""),"""",K21/(K21+L21))",,,,,,,,,,,,,,,,,,,"=IF(OR(AE21="""",AB21=""""),"""",(AB21-AE21)^2)","=IF(OR(AE21="""",AC21=""""),"""",(AC21-AE21)^2)",
,,,"=IF(OR(B22="""",C22=""""),"""",B22/C22)",,,,,,,,,"=IF(OR(K22="""",L22=""""),"""",K22/(K22+L22))",,,,,,,,,,,,,,,,,,,"=IF(OR(AE22="""",AB22=""""),"""",(AB22-AE22)^2)","=IF(OR(AE22="""",AC22=""""),"""",(AC22-AE22)^2)",
,,,"=IF(OR(B23="""",C23=""""),"""",B23/C23)",,,,,,,,,"=IF(OR(K23="""",L23=""""),"""",K23/(K23+L23))",,,,,,,,,,,,,,,,,,,"=IF(OR(AE23="""",AB23=""""),"""",(AB23-AE23)^2)","=IF(OR(AE23="""",AC23=""""),"""",(AC23-AE23)^2)",
,,,"=IF(OR(B24="""",C24=""""),"""",B24/C24)",,,,,,,,,"=IF(OR(K24="""",L24=""""),"""",K24/(K24+L24))",,,,,,,,,,,,,,,,,,,"=IF(OR(AE24="""",AB24=""""),"""",(AB24-AE24)^2)","=IF(OR(AE24="""",AC24=""""),"""",(AC24-AE24)^2)",
,,,"=IF(OR(B25="""",C25=""""),"""",B25/C25)",,,,,,,,,"=IF(OR(K25="""",L25=""""),"""",K25/(K25+L25))",,,,,,,,,,,,,,,,,,,"=IF(OR(AE25="""",AB25=""""),"""",(AB25-AE25)^2)","=IF(OR(AE25="""",AC25=""""),"""",(AC25-AE25)^2)",
,,,"=IF(OR(B26="""",C26=""""),"""",B26/C26)",,,,,,,,,"=IF(OR(K26="""",L26=""""),"""",K26/(K26+L26))",,,,,,,,,,,,,,,,,,,"=IF(OR(AE26="""",AB26=""""),"""",(AB26-AE26)^2)","=IF(OR(AE26="""",AC26=""""),"""",(AC26-AE26)^2)",
,,,"=IF(OR(B27="""",C27=""""),"""",B27/C27)",,,,,,,,,"=IF(OR(K27="""",L27=""""),"""",K27/(K27+L27))",,,,,,,,,,,,,,,,,,,"=IF(OR(AE27="""",AB27=""""),"""",(AB27-AE27)^2)","=IF(OR(AE27="""",AC27=""""),"""",(AC27-AE27)^2)",
,,,"=IF(OR(B28="""",C28=""""),"""",B28/C28)",,,,,,,,,"=IF(OR(K28="""",L28=""""),"""",K28/(K28+L28))",,,,,,,,,,,,,,,,,,,"=IF(OR(AE28="""",AB28=""""),"""",(AB28-AE28)^2)","=IF(OR(AE28="""",AC28=""""),"""",(AC28-AE28)^2)",
,,,"=IF(OR(B29="""",C29=""""),"""",B29/C29)",,,,,,,,,"=IF(OR(K29="""",L29=""""),"""",K29/(K29+L29))",,,,,,,,,,,,,,,,,,,"=IF(OR(AE29="""",AB29=""""),"""",(AB29-AE29)^2)","=IF(OR(AE29="""",AC29=""""),"""",(AC29-AE29)^2)",
,,,"=IF(OR(B30="""",C30=""""),"""",B30/C30)",,,,,,,,,"=IF(OR(K30="""",L30=""""),"""",K30/(K30+L30))",,,,,,,,,,,,,,,,,,,"=IF(OR(AE30="""",AB30=""""),"""",(AB30-AE30)^2)","=IF(OR(AE30="""",AC30=""""),"""",(AC30-AE30)^2)",
,,,"=IF(OR(B31="""",C31=""""),"""",B31/C31)",,,,,,,,,"=IF(OR(K31="""",L31=""""),"""",K31/(K31+L31))",,,,,,,,,,,,,,,,,,,"=IF(OR(AE31="""",AB31=""""),"""",(AB31-AE31)^2)","=IF(OR(AE31="""",AC31=""""),"""",(AC31-AE31)^2)",
,,,"=IF(OR(B32="""",C32=""""),"""",B32/C32)",,,,,,,,,"=IF(OR(K32="""",L32=""""),"""",K32/(K32+L32))",,,,,,,,,,,,,,,,,,,"=IF(OR(AE32="""",AB32=""""),"""",(AB32-AE32)^2)","=IF(OR(AE32="""",AC32=""""),"""",(AC32-AE32)^2)",
,,,"=IF(OR(B33="""",C33=""""),"""",B33/C33)",,,,,,,,,"=IF(OR(K33="""",L33=""""),"""",K33/(K33+L33))",,,,,,,,,,,,,,,,,,,"=IF(OR(AE33="""",AB33=""""),"""",(AB33-AE33)^2)","=IF(OR(AE33="""",AC33=""""),"""",(AC33-AE33)^2)",
,,,"=IF(OR(B34="""",C34=""""),"""",B34/C34)",,,,,,,,,"=IF(OR(K34="""",L34=""""),"""",K34/(K34+L34))",,,,,,,,,,,,,,,,,,,"=IF(OR(AE34="""",AB34=""""),"""",(AB34-AE34)^2)","=IF(OR(AE34="""",AC34=""""),"""",(AC34-AE34)^2)",
,,,"=IF(OR(B35="""",C35=""""),"""",B35/C35)",,,,,,,,,"=IF(OR(K35="""",L35=""""),"""",K35/(K35+L35))",,,,,,,,,,,,,,,,,,,"=IF(OR(AE35="""",AB35=""""),"""",(AB35-AE35)^2)","=IF(OR(AE35="""",AC35=""""),"""",(AC35-AE35)^2)",
,,,"=IF(OR(B36="""",C36=""""),"""",B36/C36)",,,,,,,,,"=IF(OR(K36="""",L36=""""),"""",K36/(K36+L36))",,,,,,,,,,,,,,,,,,,"=IF(OR(AE36="""",AB36=""""),"""",(AB36-AE36)^2)","=IF(OR(AE36="""",AC36=""""),"""",(AC36-AE36)^2)",
,,,"=IF(OR(B37="""",C37=""""),"""",B37/C37)",,,,,,,,,"=IF(OR(K37="""",L37=""""),"""",K37/(K37+L37))",,,,,,,,,,,,,,,,,,,"=IF(OR(AE37="""",AB37=""""),"""",(AB37-AE37)^2)","=IF(OR(AE37="""",AC37=""""),"""",(AC37-AE37)^2)",
,,,"=IF(OR(B38="""",C38=""""),"""",B38/C38)",,,,,,,,,"=IF(OR(K38="""",L38=""""),"""",K38/(K38+L38))",,,,,,,,,,,,,,,,,,,"=IF(OR(AE38="""",AB38=""""),"""",(AB38-AE38)^2)","=IF(OR(AE38="""",AC38=""""),"""",(AC38-AE38)^2)",
,,,"=IF(OR(B39="""",C39=""""),"""",B39/C39)",,,,,,,,,"=IF(OR(K39="""",L39=""""),"""",K39/(K39+L39))",,,,,,,,,,,,,,,,,,,"=IF(OR(AE39="""",AB39=""""),"""",(AB39-AE39)^2)","=IF(OR(AE39="""",AC39=""""),"""",(AC39-AE39)^2)",
,,,"=IF(OR(B40="""",C40=""""),"""",B40/C40)",,,,,,,,,"=IF(OR(K40="""",L40=""""),"""",K40/(K40+L40))",,,,,,,,,,,,,,,,,,,"=IF(OR(AE40="""",AB40=""""),"""",(AB40-AE40)^2)","=IF(OR(AE40="""",AC40=""""),"""",(AC40-AE40)^2)",
,,,"=IF(OR(B41="""",C41=""""),"""",B41/C41)",,,,,,,,,"=IF(OR(K41="""",L41=""""),"""",K41/(K41+L41))",,,,,,,,,,,,,,,,,,,"=IF(OR(AE41="""",AB41=""""),"""",(AB41-AE41)^2)","=IF(OR(AE41="""",AC41=""""),"""",(AC41-AE41)^2)",
,,,"=IF(OR(B42="""",C42=""""),"""",B42/C42)",,,,,,,,,"=IF(OR(K42="""",L42=""""),"""",K42/(K42+L42))",,,,,,,,,,,,,,,,,,,"=IF(OR(AE42="""",AB42=""""),"""",(AB42-AE42)^2)","=IF(OR(AE42="""",AC42=""""),"""",(AC42-AE42)^2)",
,,,"=IF(OR(B43="""",C43=""""),"""",B43/C43)",,,,,,,,,"=IF(OR(K43="""",L43=""""),"""",K43/(K43+L43))",,,,,,,,,,,,,,,,,,,"=IF(OR(AE43="""",AB43=""""),"""",(AB43-AE43)^2)","=IF(OR(AE43="""",AC43=""""),"""",(AC43-AE43)^2)",
,,,"=IF(OR(B44="""",C44=""""),"""",B44/C44)",,,,,,,,,"=IF(OR(K44="""",L44=""""),"""",K44/(K44+L44))",,,,,,,,,,,,,,,,,,,"=IF(OR(AE44="""",AB44=""""),"""",(AB44-AE44)^2)","=IF(OR(AE44="""",AC44=""""),"""",(AC44-AE44)^2)",
,,,"=IF(OR(B45="""",C45=""""),"""",B45/C45)",,,,,,,,,"=IF(OR(K45="""",L45=""""),"""",K45/(K45+L45))",,,,,,,,,,,,,,,,,,,"=IF(OR(AE45="""",AB45=""""),"""",(AB45-AE45)^2)","=IF(OR(AE45="""",AC45=""""),"""",(AC45-AE45)^2)",
,,,"=IF(OR(B46="""",C46=""""),"""",B46/C46)",,,,,,,,,"=IF(OR(K46="""",L46=""""),"""",K46/(K46+L46))",,,,,,,,,,,,,,,,,,,"=IF(OR(AE46="""",AB46=""""),"""",(AB46-AE46)^2)","=IF(OR(AE46="""",AC46=""""),"""",(AC46-AE46)^2)",
,,,"=IF(OR(B47="""",C47=""""),"""",B47/C47)",,,,,,,,,"=IF(OR(K47="""",L47=""""),"""",K47/(K47+L47))",,,,,,,,,,,,,,,,,,,"=IF(OR(AE47="""",AB47=""""),"""",(AB47-AE47)^2)","=IF(OR(AE47="""",AC47=""""),"""",(AC47-AE47)^2)",
,,,"=IF(OR(B48="""",C48=""""),"""",B48/C48)",,,,,,,,,"=IF(OR(K48="""",L48=""""),"""",K48/(K48+L48))",,,,,,,,,,,,,,,,,,,"=IF(OR(AE48="""",AB48=""""),"""",(AB48-AE48)^2)","=IF(OR(AE48="""",AC48=""""),"""",(AC48-AE48)^2)",
,,,"=IF(OR(B49="""",C49=""""),"""",B49/C49)",,,,,,,,,"=IF(OR(K49="""",L49=""""),"""",K49/(K49+L49))",,,,,,,,,,,,,,,,,,,"=IF(OR(AE49="""",AB49=""""),"""",(AB49-AE49)^2)","=IF(OR(AE49="""",AC49=""""),"""",(AC49-AE49)^2)",
,,,"=IF(OR(B50="""",C50=""""),"""",B50/C50)",,,,,,,,,"=IF(OR(K50="""",L50=""""),"""",K50/(K50+L50))",,,,,,,,,,,,,,,,,,,"=IF(OR(AE50="""",AB50=""""),"""",(AB50-AE50)^2)","=IF(OR(AE50="""",AC50=""""),"""",(AC50-AE50)^2)",
,,,"=IF(OR(B51="""",C51=""""),"""",B51/C51)",,,,,,,,,"=IF(OR(K51="""",L51=""""),"""",K51/(K51+L51))",,,,,,,,,,,,,,,,,,,"=IF(OR(AE51="""",AB51=""""),"""",(AB51-AE51)^2)","=IF(OR(AE51="""",AC51=""""),"""",(AC51-AE51)^2)",
,,,"=IF(OR(B52="""",C52=""""),"""",B52/C52)",,,,,,,,,"=IF(OR(K52="""",L52=""""),"""",K52/(K52+L52))",,,,,,,,,,,,,,,,,,,"=IF(OR(AE52="""",AB52=""""),"""",(AB52-AE52)^2)","=IF(OR(AE52="""",AC52=""""),"""",(AC52-AE52)^2)",
,,,"=IF(OR(B53="""",C53=""""),"""",B53/C53)",,,,,,,,,"=IF(OR(K53="""",L53=""""),"""",K53/(K53+L53))",,,,,,,,,,,,,,,,,,,"=IF(OR(AE53="""",AB53=""""),"""",(AB53-AE53)^2)","=IF(OR(AE53="""",AC53=""""),"""",(AC53-AE53)^2)",
,,,"=IF(OR(B54="""",C54=""""),"""",B54/C54)",,,,,,,,,"=IF(OR(K54="""",L54=""""),"""",K54/(K54+L54))",,,,,,,,,,,,,,,,,,,"=IF(OR(AE54="""",AB54=""""),"""",(AB54-AE54)^2)","=IF(OR(AE54="""",AC54=""""),"""",(AC54-AE54)^2)",
,,,"=IF(OR(B55="""",C55=""""),"""",B55/C55)",,,,,,,,,"=IF(OR(K55="""",L55=""""),"""",K55/(K55+L55))",,,,,,,,,,,,,,,,,,,"=IF(OR(AE55="""",AB55=""""),"""",(AB55-AE55)^2)","=IF(OR(AE55="""",AC55=""""),"""",(AC55-AE55)^2)",
,,,"=IF(OR(B56="""",C56=""""),"""",B56/C56)",,,,,,,,,"=IF(OR(K56="""",L56=""""),"""",K56/(K56+L56))",,,,,,,,,,,,,,,,,,,"=IF(OR(AE56="""",AB56=""""),"""",(AB56-AE56)^2)","=IF(OR(AE56="""",AC56=""""),"""",(AC56-AE56)^2)",
,,,"=IF(OR(B57="""",C57=""""),"""",B57/C57)",,,,,,,,,"=IF(OR(K57="""",L57=""""),"""",K57/(K57+L57))",,,,,,,,,,,,,,,,,,,"=IF(OR(AE57="""",AB57=""""),"""",(AB57-AE57)^2)","=IF(OR(AE57="""",AC57=""""),"""",(AC57-AE57)^2)",
,,,"=IF(OR(B58="""",C58=""""),"""",B58/C58)",,,,,,,,,"=IF(OR(K58="""",L58=""""),"""",K58/(K58+L58))",,,,,,,,,,,,,,,,,,,"=IF(OR(AE58="""",AB58=""""),"""",(AB58-AE58)^2)","=IF(OR(AE58="""",AC58=""""),"""",(AC58-AE58)^2)",
,,,"=IF(OR(B59="""",C59=""""),"""",B59/C59)",,,,,,,,,"=IF(OR(K59="""",L59=""""),"""",K59/(K59+L59))",,,,,,,,,,,,,,,,,,,"=IF(OR(AE59="""",AB59=""""),"""",(AB59-AE59)^2)","=IF(OR(AE59="""",AC59=""""),"""",(AC59-AE59)^2)",
,,,"=IF(OR(B60="""",C60=""""),"""",B60/C60)",,,,,,,,,"=IF(OR(K60="""",L60=""""),"""",K60/(K60+L60))",,,,,,,,,,,,,,,,,,,"=IF(OR(AE60="""",AB60=""""),"""",(AB60-AE60)^2)","=IF(OR(AE60="""",AC60=""""),"""",(AC60-AE60)^2)",
,,,"=IF(OR(B61="""",C61=""""),"""",B61/C61)",,,,,,,,,"=IF(OR(K61="""",L61=""""),"""",K61/(K61+L61))",,,,,,,,,,,,,,,,,,,"=IF(OR(AE61="""",AB61=""""),"""",(AB61-AE61)^2)","=IF(OR(AE61="""",AC61=""""),"""",(AC61-AE61)^2)",
,,,"=IF(OR(B62="""",C62=""""),"""",B62/C62)",,,,,,,,,"=IF(OR(K62="""",L62=""""),"""",K62/(K62+L62))",,,,,,,,,,,,,,,,,,,"=IF(OR(AE62="""",AB62=""""),"""",(AB62-AE62)^2)","=IF(OR(AE62="""",AC62=""""),"""",(AC62-AE62)^2)",
,,,"=IF(OR(B63="""",C63=""""),"""",B63/C63)",,,,,,,,,"=IF(OR(K63="""",L63=""""),"""",K63/(K63+L63))",,,,,,,,,,,,,,,,,,,"=IF(OR(AE63="""",AB63=""""),"""",(AB63-AE63)^2)","=IF(OR(AE63="""",AC63=""""),"""",(AC63-AE63)^2)",
,,,"=IF(OR(B64="""",C64=""""),"""",B64/C64)",,,,,,,,,"=IF(OR(K64="""",L64=""""),"""",K64/(K64+L64))",,,,,,,,,,,,,,,,,,,"=IF(OR(AE64="""",AB64=""""),"""",(AB64-AE64)^2)","=IF(OR(AE64="""",AC64=""""),"""",(AC64-AE64)^2)",
,,,"=IF(OR(B65="""",C65=""""),"""",B65/C65)",,,,,,,,,"=IF(OR(K65="""",L65=""""),"""",K65/(K65+L65))",,,,,,,,,,,,,,,,,,,"=IF(OR(AE65="""",AB65=""""),"""",(AB65-AE65)^2)","=IF(OR(AE65="""",AC65=""""),"""",(AC65-AE65)^2)",
,,,"=IF(OR(B66="""",C66=""""),"""",B66/C66)",,,,,,,,,"=IF(OR(K66="""",L66=""""),"""",K66/(K66+L66))",,,,,,,,,,,,,,,,,,,"=IF(OR(AE66="""",AB66=""""),"""",(AB66-AE66)^2)","=IF(OR(AE66="""",AC66=""""),"""",(AC66-AE66)^2)",
,,,"=IF(OR(B67="""",C67=""""),"""",B67/C67)",,,,,,,,,"=IF(OR(K67="""",L67=""""),"""",K67/(K67+L67))",,,,,,,,,,,,,,,,,,,"=IF(OR(AE67="""",AB67=""""),"""",(AB67-AE67)^2)","=IF(OR(AE67="""",AC67=""""),"""",(AC67-AE67)^2)",
,,,"=IF(OR(B68="""",C68=""""),"""",B68/C68)",,,,,,,,,"=IF(OR(K68="""",L68=""""),"""",K68/(K68+L68))",,,,,,,,,,,,,,,,,,,"=IF(OR(AE68="""",AB68=""""),"""",(AB68-AE68)^2)","=IF(OR(AE68="""",AC68=""""),"""",(AC68-AE68)^2)",
,,,"=IF(OR(B69="""",C69=""""),"""",B69/C69)",,,,,,,,,"=IF(OR(K69="""",L69=""""),"""",K69/(K69+L69))",,,,,,,,,,,,,,,,,,,"=IF(OR(AE69="""",AB69=""""),"""",(AB69-AE69)^2)","=IF(OR(AE69="""",AC69=""""),"""",(AC69-AE69)^2)",
,,,"=IF(OR(B70="""",C70=""""),"""",B70/C70)",,,,,,,,,"=IF(OR(K70="""",L70=""""),"""",K70/(K70+L70))",,,,,,,,,,,,,,,,,,,"=IF(OR(AE70="""",AB70=""""),"""",(AB70-AE70)^2)","=IF(OR(AE70="""",AC70=""""),"""",(AC70-AE70)^2)",
,,,"=IF(OR(B71="""",C71=""""),"""",B71/C71)",,,,,,,,,"=IF(OR(K71="""",L71=""""),"""",K71/(K71+L71))",,,,,,,,,,,,,,,,,,,"=IF(OR(AE71="""",AB71=""""),"""",(AB71-AE71)^2)","=IF(OR(AE71="""",AC71=""""),"""",(AC71-AE71)^2)",
,,,"=IF(OR(B72="""",C72=""""),"""",B72/C72)",,,,,,,,,"=IF(OR(K72="""",L72=""""),"""",K72/(K72+L72))",,,,,,,,,,,,,,,,,,,"=IF(OR(AE72="""",AB72=""""),"""",(AB72-AE72)^2)","=IF(OR(AE72="""",AC72=""""),"""",(AC72-AE72)^2)",
,,,"=IF(OR(B73="""",C73=""""),"""",B73/C73)",,,,,,,,,"=IF(OR(K73="""",L73=""""),"""",K73/(K73+L73))",,,,,,,,,,,,,,,,,,,"=IF(OR(AE73="""",AB73=""""),"""",(AB73-AE73)^2)","=IF(OR(AE73="""",AC73=""""),"""",(AC73-AE73)^2)",
,,,"=IF(OR(B74="""",C74=""""),"""",B74/C74)",,,,,,,,,"=IF(OR(K74="""",L74=""""),"""",K74/(K74+L74))",,,,,,,,,,,,,,,,,,,"=IF(OR(AE74="""",AB74=""""),"""",(AB74-AE74)^2)","=IF(OR(AE74="""",AC74=""""),"""",(AC74-AE74)^2)",
,,,"=IF(OR(B75="""",C75=""""),"""",B75/C75)",,,,,,,,,"=IF(OR(K75="""",L75=""""),"""",K75/(K75+L75))",,,,,,,,,,,,,,,,,,,"=IF(OR(AE75="""",AB75=""""),"""",(AB75-AE75)^2)","=IF(OR(AE75="""",AC75=""""),"""",(AC75-AE75)^2)",
,,,"=IF(OR(B76="""",C76=""""),"""",B76/C76)",,,,,,,,,"=IF(OR(K76="""",L76=""""),"""",K76/(K76+L76))",,,,,,,,,,,,,,,,,,,"=IF(OR(AE76="""",AB76=""""),"""",(AB76-AE76)^2)","=IF(OR(AE76="""",AC76=""""),"""",(AC76-AE76)^2)",
,,,"=IF(OR(B77="""",C77=""""),"""",B77/C77)",,,,,,,,,"=IF(OR(K77="""",L77=""""),"""",K77/(K77+L77))",,,,,,,,,,,,,,,,,,,"=IF(OR(AE77="""",AB77=""""),"""",(AB77-AE77)^2)","=IF(OR(AE77="""",AC77=""""),"""",(AC77-AE77)^2)",
,,,"=IF(OR(B78="""",C78=""""),"""",B78/C78)",,,,,,,,,"=IF(OR(K78="""",L78=""""),"""",K78/(K78+L78))",,,,,,,,,,,,,,,,,,,"=IF(OR(AE78="""",AB78=""""),"""",(AB78-AE78)^2)","=IF(OR(AE78="""",AC78=""""),"""",(AC78-AE78)^2)",
,,,"=IF(OR(B79="""",C79=""""),"""",B79/C79)",,,,,,,,,"=IF(OR(K79="""",L79=""""),"""",K79/(K79+L79))",,,,,,,,,,,,,,,,,,,"=IF(OR(AE79="""",AB79=""""),"""",(AB79-AE79)^2)","=IF(OR(AE79="""",AC79=""""),"""",(AC79-AE79)^2)",
,,,"=IF(OR(B80="""",C80=""""),"""",B80/C80)",,,,,,,,,"=IF(OR(K80="""",L80=""""),"""",K80/(K80+L80))",,,,,,,,,,,,,,,,,,,"=IF(OR(AE80="""",AB80=""""),"""",(AB80-AE80)^2)","=IF(OR(AE80="""",AC80=""""),"""",(AC80-AE80)^2)",
,,,"=IF(OR(B81="""",C81=""""),"""",B81/C81)",,,,,,,,,"=IF(OR(K81="""",L81=""""),"""",K81/(K81+L81))",,,,,,,,,,,,,,,,,,,"=IF(OR(AE81="""",AB81=""""),"""",(AB81-AE81)^2)","=IF(OR(AE81="""",AC81=""""),"""",(AC81-AE81)^2)",
,,,"=IF(OR(B82="""",C82=""""),"""",B82/C82)",,,,,,,,,"=IF(OR(K82="""",L82=""""),"""",K82/(K82+L82))",,,,,,,,,,,,,,,,,,,"=IF(OR(AE82="""",AB82=""""),"""",(AB82-AE82)^2)","=IF(OR(AE82="""",AC82=""""),"""",(AC82-AE82)^2)",
,,,"=IF(OR(B83="""",C83=""""),"""",B83/C83)",,,,,,,,,"=IF(OR(K83="""",L83=""""),"""",K83/(K83+L83))",,,,,,,,,,,,,,,,,,,"=IF(OR(AE83="""",AB83=""""),"""",(AB83-AE83)^2)","=IF(OR(AE83="""",AC83=""""),"""",(AC83-AE83)^2)",
,,,"=IF(OR(B84="""",C84=""""),"""",B84/C84)",,,,,,,,,"=IF(OR(K84="""",L84=""""),"""",K84/(K84+L84))",,,,,,,,,,,,,,,,,,,"=IF(OR(AE84="""",AB84=""""),"""",(AB84-AE84)^2)","=IF(OR(AE84="""",AC84=""""),"""",(AC84-AE84)^2)",
,,,"=IF(OR(B85="""",C85=""""),"""",B85/C85)",,,,,,,,,"=IF(OR(K85="""",L85=""""),"""",K85/(K85+L85))",,,,,,,,,,,,,,,,,,,"=IF(OR(AE85="""",AB85=""""),"""",(AB85-AE85)^2)","=IF(OR(AE85="""",AC85=""""),"""",(AC85-AE85)^2)",
,,,"=IF(OR(B86="""",C86=""""),"""",B86/C86)",,,,,,,,,"=IF(OR(K86="""",L86=""""),"""",K86/(K86+L86))",,,,,,,,,,,,,,,,,,,"=IF(OR(AE86="""",AB86=""""),"""",(AB86-AE86)^2)","=IF(OR(AE86="""",AC86=""""),"""",(AC86-AE86)^2)",
,,,"=IF(OR(B87="""",C87=""""),"""",B87/C87)",,,,,,,,,"=IF(OR(K87="""",L87=""""),"""",K87/(K87+L87))",,,,,,,,,,,,,,,,,,,"=IF(OR(AE87="""",AB87=""""),"""",(AB87-AE87)^2)","=IF(OR(AE87="""",AC87=""""),"""",(AC87-AE87)^2)",
,,,"=IF(OR(B88="""",C88=""""),"""",B88/C88)",,,,,,,,,"=IF(OR(K88="""",L88=""""),"""",K88/(K88+L88))",,,,,,,,,,,,,,,,,,,"=IF(OR(AE88="""",AB88=""""),"""",(AB88-AE88)^2)","=IF(OR(AE88="""",AC88=""""),"""",(AC88-AE88)^2)",
,,,"=IF(OR(B89="""",C89=""""),"""",B89/C89)",,,,,,,,,"=IF(OR(K89="""",L89=""""),"""",K89/(K89+L89))",,,,,,,,,,,,,,,,,,,"=IF(OR(AE89="""",AB89=""""),"""",(AB89-AE89)^2)","=IF(OR(AE89="""",AC89=""""),"""",(AC89-AE89)^2)",
,,,"=IF(OR(B90="""",C90=""""),"""",B90/C90)",,,,,,,,,"=IF(OR(K90="""",L90=""""),"""",K90/(K90+L90))",,,,,,,,,,,,,,,,,,,"=IF(OR(AE90="""",AB90=""""),"""",(AB90-AE90)^2)","=IF(OR(AE90="""",AC90=""""),"""",(AC90-AE90)^2)",
,,,"=IF(OR(B91="""",C91=""""),"""",B91/C91)",,,,,,,,,"=IF(OR(K91="""",L91=""""),"""",K91/(K91+L91))",,,,,,,,,,,,,,,,,,,"=IF(OR(AE91="""",AB91=""""),"""",(AB91-AE91)^2)","=IF(OR(AE91="""",AC91=""""),"""",(AC91-AE91)^2)",
,,,"=IF(OR(B92="""",C92=""""),"""",B92/C92)",,,,,,,,,"=IF(OR(K92="""",L92=""""),"""",K92/(K92+L92))",,,,,,,,,,,,,,,,,,,"=IF(OR(AE92="""",AB92=""""),"""",(AB92-AE92)^2)","=IF(OR(AE92="""",AC92=""""),"""",(AC92-AE92)^2)",
,,,"=IF(OR(B93="""",C93=""""),"""",B93/C93)",,,,,,,,,"=IF(OR(K93="""",L93=""""),"""",K93/(K93+L93))",,,,,,,,,,,,,,,,,,,"=IF(OR(AE93="""",AB93=""""),"""",(AB93-AE93)^2)","=IF(OR(AE93="""",AC93=""""),"""",(AC93-AE93)^2)",
,,,"=IF(OR(B94="""",C94=""""),"""",B94/C94)",,,,,,,,,"=IF(OR(K94="""",L94=""""),"""",K94/(K94+L94))",,,,,,,,,,,,,,,,,,,"=IF(OR(AE94="""",AB94=""""),"""",(AB94-AE94)^2)","=IF(OR(AE94="""",AC94=""""),"""",(AC94-AE94)^2)",
,,,"=IF(OR(B95="""",C95=""""),"""",B95/C95)",,,,,,,,,"=IF(OR(K95="""",L95=""""),"""",K95/(K95+L95))",,,,,,,,,,,,,,,,,,,"=IF(OR(AE95="""",AB95=""""),"""",(AB95-AE95)^2)","=IF(OR(AE95="""",AC95=""""),"""",(AC95-AE95)^2)",
,,,"=IF(OR(B96="""",C96=""""),"""",B96/C96)",,,,,,,,,"=IF(OR(K96="""",L96=""""),"""",K96/(K96+L96))",,,,,,,,,,,,,,,,,,,"=IF(OR(AE96="""",AB96=""""),"""",(AB96-AE96)^2)","=IF(OR(AE96="""",AC96=""""),"""",(AC96-AE96)^2)",
,,,"=IF(OR(B97="""",C97=""""),"""",B97/C97)",,,,,,,,,"=IF(OR(K97="""",L97=""""),"""",K97/(K97+L97))",,,,,,,,,,,,,,,,,,,"=IF(OR(AE97="""",AB97=""""),"""",(AB97-AE97)^2)","=IF(OR(AE97="""",AC97=""""),"""",(AC97-AE97)^2)",
,,,"=IF(OR(B98="""",C98=""""),"""",B98/C98)",,,,,,,,,"=IF(OR(K98="""",L98=""""),"""",K98/(K98+L98))",,,,,,,,,,,,,,,,,,,"=IF(OR(AE98="""",AB98=""""),"""",(AB98-AE98)^2)","=IF(OR(AE98="""",AC98=""""),"""",(AC98-AE98)^2)",
,,,"=IF(OR(B99="""",C99=""""),"""",B99/C99)",,,,,,,,,"=IF(OR(K99="""",L99=""""),"""",K99/(K99+L99))",,,,,,,,,,,,,,,,,,,"=IF(OR(AE99="""",AB99=""""),"""",(AB99-AE99)^2)","=IF(OR(AE99="""",AC99=""""),"""",(AC99-AE99)^2)",
,,,"=IF(OR(B100="""",C100=""""),"""",B100/C100)",,,,,,,,,"=IF(OR(K100="""",L100=""""),"""",K100/(K100+L100))",,,,,,,,,,,,,,,,,,,"=IF(OR(AE100="""",AB100=""""),"""",(AB100-AE100)^2)","=IF(OR(AE100="""",AC100=""""),"""",(AC100-AE100)^2)",
,,,"=IF(OR(B101="""",C101=""""),"""",B101/C101)",,,,,,,,,"=IF(OR(K101="""",L101=""""),"""",K101/(K101+L101))",,,,,,,,,,,,,,,,,,,"=IF(OR(AE101="""",AB101=""""),"""",(AB101-AE101)^2)","=IF(OR(AE101="""",AC101=""""),"""",(AC101-AE101)^2)",
,,,"=IF(OR(B102="""",C102=""""),"""",B102/C102)",,,,,,,,,"=IF(OR(K102="""",L102=""""),"""",K102/(K102+L102))",,,,,,,,,,,,,,,,,,,"=IF(OR(AE102="""",AB102=""""),"""",(AB102-AE102)^2)","=IF(OR(AE102="""",AC102=""""),"""",(AC102-AE102)^2)",
,,,"=IF(OR(B103="""",C103=""""),"""",B103/C103)",,,,,,,,,"=IF(OR(K103="""",L103=""""),"""",K103/(K103+L103))",,,,,,,,,,,,,,,,,,,"=IF(OR(AE103="""",AB103=""""),"""",(AB103-AE103)^2)","=IF(OR(AE103="""",AC103=""""),"""",(AC103-AE103)^2)",
,,,"=IF(OR(B104="""",C104=""""),"""",B104/C104)",,,,,,,,,"=IF(OR(K104="""",L104=""""),"""",K104/(K104+L104))",,,,,,,,,,,,,,,,,,,"=IF(OR(AE104="""",AB104=""""),"""",(AB104-AE104)^2)","=IF(OR(AE104="""",AC104=""""),"""",(AC104-AE104)^2)",
,,,"=IF(OR(B105="""",C105=""""),"""",B105/C105)",,,,,,,,,"=IF(OR(K105="""",L105=""""),"""",K105/(K105+L105))",,,,,,,,,,,,,,,,,,,"=IF(OR(AE105="""",AB105=""""),"""",(AB105-AE105)^2)","=IF(OR(AE105="""",AC105=""""),"""",(AC105-AE105)^2)",
,,,"=IF(OR(B106="""",C106=""""),"""",B106/C106)",,,,,,,,,"=IF(OR(K106="""",L106=""""),"""",K106/(K106+L106))",,,,,,,,,,,,,,,,,,,"=IF(OR(AE106="""",AB106=""""),"""",(AB106-AE106)^2)","=IF(OR(AE106="""",AC106=""""),"""",(AC106-AE106)^2)",
,,,"=IF(OR(B107="""",C107=""""),"""",B107/C107)",,,,,,,,,"=IF(OR(K107="""",L107=""""),"""",K107/(K107+L107))",,,,,,,,,,,,,,,,,,,"=IF(OR(AE107="""",AB107=""""),"""",(AB107-AE107)^2)","=IF(OR(AE107="""",AC107=""""),"""",(AC107-AE107)^2)",
,,,"=IF(OR(B108="""",C108=""""),"""",B108/C108)",,,,,,,,,"=IF(OR(K108="""",L108=""""),"""",K108/(K108+L108))",,,,,,,,,,,,,,,,,,,"=IF(OR(AE108="""",AB108=""""),"""",(AB108-AE108)^2)","=IF(OR(AE108="""",AC108=""""),"""",(AC108-AE108)^2)",
,,,"=IF(OR(B109="""",C109=""""),"""",B109/C109)",,,,,,,,,"=IF(OR(K109="""",L109=""""),"""",K109/(K109+L109))",,,,,,,,,,,,,,,,,,,"=IF(OR(AE109="""",AB109=""""),"""",(AB109-AE109)^2)","=IF(OR(AE109="""",AC109=""""),"""",(AC109-AE109)^2)",
,,,"=IF(OR(B110="""",C110=""""),"""",B110/C110)",,,,,,,,,"=IF(OR(K110="""",L110=""""),"""",K110/(K110+L110))",,,,,,,,,,,,,,,,,,,"=IF(OR(AE110="""",AB110=""""),"""",(AB110-AE110)^2)","=IF(OR(AE110="""",AC110=""""),"""",(AC110-AE110)^2)",
,,,"=IF(OR(B111="""",C111=""""),"""",B111/C111)",,,,,,,,,"=IF(OR(K111="""",L111=""""),"""",K111/(K111+L111))",,,,,,,,,,,,,,,,,,,"=IF(OR(AE111="""",AB111=""""),"""",(AB111-AE111)^2)","=IF(OR(AE111="""",AC111=""""),"""",(AC111-AE111)^2)",
,,,"=IF(OR(B112="""",C112=""""),"""",B112/C112)",,,,,,,,,"=IF(OR(K112="""",L112=""""),"""",K112/(K112+L112))",,,,,,,,,,,,,,,,,,,"=IF(OR(AE112="""",AB112=""""),"""",(AB112-AE112)^2)","=IF(OR(AE112="""",AC112=""""),"""",(AC112-AE112)^2)",
,,,"=IF(OR(B113="""",C113=""""),"""",B113/C113)",,,,,,,,,"=IF(OR(K113="""",L113=""""),"""",K113/(K113+L113))",,,,,,,,,,,,,,,,,,,"=IF(OR(AE113="""",AB113=""""),"""",(AB113-AE113)^2)","=IF(OR(AE113="""",AC113=""""),"""",(AC113-AE113)^2)",
,,,"=IF(OR(B114="""",C114=""""),"""",B114/C114)",,,,,,,,,"=IF(OR(K114="""",L114=""""),"""",K114/(K114+L114))",,,,,,,,,,,,,,,,,,,"=IF(OR(AE114="""",AB114=""""),"""",(AB114-AE114)^2)","=IF(OR(AE114="""",AC114=""""),"""",(AC114-AE114)^2)",
,,,"=IF(OR(B115="""",C115=""""),"""",B115/C115)",,,,,,,,,"=IF(OR(K115="""",L115=""""),"""",K115/(K115+L115))",,,,,,,,,,,,,,,,,,,"=IF(OR(AE115="""",AB115=""""),"""",(AB115-AE115)^2)","=IF(OR(AE115="""",AC115=""""),"""",(AC115-AE115)^2)",
,,,"=IF(OR(B116="""",C116=""""),"""",B116/C116)",,,,,,,,,"=IF(OR(K116="""",L116=""""),"""",K116/(K116+L116))",,,,,,,,,,,,,,,,,,,"=IF(OR(AE116="""",AB116=""""),"""",(AB116-AE116)^2)","=IF(OR(AE116="""",AC116=""""),"""",(AC116-AE116)^2)",
,,,"=IF(OR(B117="""",C117=""""),"""",B117/C117)",,,,,,,,,"=IF(OR(K117="""",L117=""""),"""",K117/(K117+L117))",,,,,,,,,,,,,,,,,,,"=IF(OR(AE117="""",AB117=""""),"""",(AB117-AE117)^2)","=IF(OR(AE117="""",AC117=""""),"""",(AC117-AE117)^2)",
,,,"=IF(OR(B118="""",C118=""""),"""",B118/C118)",,,,,,,,,"=IF(OR(K118="""",L118=""""),"""",K118/(K118+L118))",,,,,,,,,,,,,,,,,,,"=IF(OR(AE118="""",AB118=""""),"""",(AB118-AE118)^2)","=IF(OR(AE118="""",AC118=""""),"""",(AC118-AE118)^2)",
,,,"=IF(OR(B119="""",C119=""""),"""",B119/C119)",,,,,,,,,"=IF(OR(K119="""",L119=""""),"""",K119/(K119+L119))",,,,,,,,,,,,,,,,,,,"=IF(OR(AE119="""",AB119=""""),"""",(AB119-AE119)^2)","=IF(OR(AE119="""",AC119=""""),"""",(AC119-AE119)^2)",
,,,"=IF(OR(B120="""",C120=""""),"""",B120/C120)",,,,,,,,,"=IF(OR(K120="""",L120=""""),"""",K120/(K120+L120))",,,,,,,,,,,,,,,,,,,"=IF(OR(AE120="""",AB120=""""),"""",(AB120-AE120)^2)","=IF(OR(AE120="""",AC120=""""),"""",(AC120-AE120)^2)",
,,,"=IF(OR(B121="""",C121=""""),"""",B121/C121)",,,,,,,,,"=IF(OR(K121="""",L121=""""),"""",K121/(K121+L121))",,,,,,,,,,,,,,,,,,,"=IF(OR(AE121="""",AB121=""""),"""",(AB121-AE121)^2)","=IF(OR(AE121="""",AC121=""""),"""",(AC121-AE121)^2)",
,,,"=IF(OR(B122="""",C122=""""),"""",B122/C122)",,,,,,,,,"=IF(OR(K122="""",L122=""""),"""",K122/(K122+L122))",,,,,,,,,,,,,,,,,,,"=IF(OR(AE122="""",AB122=""""),"""",(AB122-AE122)^2)","=IF(OR(AE122="""",AC122=""""),"""",(AC122-AE122)^2)",
,,,"=IF(OR(B123="""",C123=""""),"""",B123/C123)",,,,,,,,,"=IF(OR(K123="""",L123=""""),"""",K123/(K123+L123))",,,,,,,,,,,,,,,,,,,"=IF(OR(AE123="""",AB123=""""),"""",(AB123-AE123)^2)","=IF(OR(AE123="""",AC123=""""),"""",(AC123-AE123)^2)",
,,,"=IF(OR(B124="""",C124=""""),"""",B124/C124)",,,,,,,,,"=IF(OR(K124="""",L124=""""),"""",K124/(K124+L124))",,,,,,,,,,,,,,,,,,,"=IF(OR(AE124="""",AB124=""""),"""",(AB124-AE124)^2)","=IF(OR(AE124="""",AC124=""""),"""",(AC124-AE124)^2)",
,,,"=IF(OR(B125="""",C125=""""),"""",B125/C125)",,,,,,,,,"=IF(OR(K125="""",L125=""""),"""",K125/(K125+L125))",,,,,,,,,,,,,,,,,,,"=IF(OR(AE125="""",AB125=""""),"""",(AB125-AE125)^2)","=IF(OR(AE125="""",AC125=""""),"""",(AC125-AE125)^2)",
,,,"=IF(OR(B126="""",C126=""""),"""",B126/C126)",,,,,,,,,"=IF(OR(K126="""",L126=""""),"""",K126/(K126+L126))",,,,,,,,,,,,,,,,,,,"=IF(OR(AE126="""",AB126=""""),"""",(AB126-AE126)^2)","=IF(OR(AE126="""",AC126=""""),"""",(AC126-AE126)^2)",
,,,"=IF(OR(B127="""",C127=""""),"""",B127/C127)",,,,,,,,,"=IF(OR(K127="""",L127=""""),"""",K127/(K127+L127))",,,,,,,,,,,,,,,,,,,"=IF(OR(AE127="""",AB127=""""),"""",(AB127-AE127)^2)","=IF(OR(AE127="""",AC127=""""),"""",(AC127-AE127)^2)",
,,,"=IF(OR(B128="""",C128=""""),"""",B128/C128)",,,,,,,,,"=IF(OR(K128="""",L128=""""),"""",K128/(K128+L128))",,,,,,,,,,,,,,,,,,,"=IF(OR(AE128="""",AB128=""""),"""",(AB128-AE128)^2)","=IF(OR(AE128="""",AC128=""""),"""",(AC128-AE128)^2)",
,,,"=IF(OR(B129="""",C129=""""),"""",B129/C129)",,,,,,,,,"=IF(OR(K129="""",L129=""""),"""",K129/(K129+L129))",,,,,,,,,,,,,,,,,,,"=IF(OR(AE129="""",AB129=""""),"""",(AB129-AE129)^2)","=IF(OR(AE129="""",AC129=""""),"""",(AC129-AE129)^2)",
,,,"=IF(OR(B130="""",C130=""""),"""",B130/C130)",,,,,,,,,"=IF(OR(K130="""",L130=""""),"""",K130/(K130+L130))",,,,,,,,,,,,,,,,,,,"=IF(OR(AE130="""",AB130=""""),"""",(AB130-AE130)^2)","=IF(OR(AE130="""",AC130=""""),"""",(AC130-AE130)^2)",
,,,"=IF(OR(B131="""",C131=""""),"""",B131/C131)",,,,,,,,,"=IF(OR(K131="""",L131=""""),"""",K131/(K131+L131))",,,,,,,,,,,,,,,,,,,"=IF(OR(AE131="""",AB131=""""),"""",(AB131-AE131)^2)","=IF(OR(AE131="""",AC131=""""),"""",(AC131-AE131)^2)",
,,,"=IF(OR(B132="""",C132=""""),"""",B132/C132)",,,,,,,,,"=IF(OR(K132="""",L132=""""),"""",K132/(K132+L132))",,,,,,,,,,,,,,,,,,,"=IF(OR(AE132="""",AB132=""""),"""",(AB132-AE132)^2)","=IF(OR(AE132="""",AC132=""""),"""",(AC132-AE132)^2)",
,,,"=IF(OR(B133="""",C133=""""),"""",B133/C133)",,,,,,,,,"=IF(OR(K133="""",L133=""""),"""",K133/(K133+L133))",,,,,,,,,,,,,,,,,,,"=IF(OR(AE133="""",AB133=""""),"""",(AB133-AE133)^2)","=IF(OR(AE133="""",AC133=""""),"""",(AC133-AE133)^2)",
,,,"=IF(OR(B134="""",C134=""""),"""",B134/C134)",,,,,,,,,"=IF(OR(K134="""",L134=""""),"""",K134/(K134+L134))",,,,,,,,,,,,,,,,,,,"=IF(OR(AE134="""",AB134=""""),"""",(AB134-AE134)^2)","=IF(OR(AE134="""",AC134=""""),"""",(AC134-AE134)^2)",
,,,"=IF(OR(B135="""",C135=""""),"""",B135/C135)",,,,,,,,,"=IF(OR(K135="""",L135=""""),"""",K135/(K135+L135))",,,,,,,,,,,,,,,,,,,"=IF(OR(AE135="""",AB135=""""),"""",(AB135-AE135)^2)","=IF(OR(AE135="""",AC135=""""),"""",(AC135-AE135)^2)",
,,,"=IF(OR(B136="""",C136=""""),"""",B136/C136)",,,,,,,,,"=IF(OR(K136="""",L136=""""),"""",K136/(K136+L136))",,,,,,,,,,,,,,,,,,,"=IF(OR(AE136="""",AB136=""""),"""",(AB136-AE136)^2)","=IF(OR(AE136="""",AC136=""""),"""",(AC136-AE136)^2)",
,,,"=IF(OR(B137="""",C137=""""),"""",B137/C137)",,,,,,,,,"=IF(OR(K137="""",L137=""""),"""",K137/(K137+L137))",,,,,,,,,,,,,,,,,,,"=IF(OR(AE137="""",AB137=""""),"""",(AB137-AE137)^2)","=IF(OR(AE137="""",AC137=""""),"""",(AC137-AE137)^2)",
,,,"=IF(OR(B138="""",C138=""""),"""",B138/C138)",,,,,,,,,"=IF(OR(K138="""",L138=""""),"""",K138/(K138+L138))",,,,,,,,,,,,,,,,,,,"=IF(OR(AE138="""",AB138=""""),"""",(AB138-AE138)^2)","=IF(OR(AE138="""",AC138=""""),"""",(AC138-AE138)^2)",
,,,"=IF(OR(B139="""",C139=""""),"""",B139/C139)",,,,,,,,,"=IF(OR(K139="""",L139=""""),"""",K139/(K139+L139))",,,,,,,,,,,,,,,,,,,"=IF(OR(AE139="""",AB139=""""),"""",(AB139-AE139)^2)","=IF(OR(AE139="""",AC139=""""),"""",(AC139-AE139)^2)",
,,,"=IF(OR(B140="""",C140=""""),"""",B140/C140)",,,,,,,,,"=IF(OR(K140="""",L140=""""),"""",K140/(K140+L140))",,,,,,,,,,,,,,,,,,,"=IF(OR(AE140="""",AB140=""""),"""",(AB140-AE140)^2)","=IF(OR(AE140="""",AC140=""""),"""",(AC140-AE140)^2)",
,,,"=IF(OR(B141="""",C141=""""),"""",B141/C141)",,,,,,,,,"=IF(OR(K141="""",L141=""""),"""",K141/(K141+L141))",,,,,,,,,,,,,,,,,,,"=IF(OR(AE141="""",AB141=""""),"""",(AB141-AE141)^2)","=IF(OR(AE141="""",AC141=""""),"""",(AC141-AE141)^2)",
,,,"=IF(OR(B142="""",C142=""""),"""",B142/C142)",,,,,,,,,"=IF(OR(K142="""",L142=""""),"""",K142/(K142+L142))",,,,,,,,,,,,,,,,,,,"=IF(OR(AE142="""",AB142=""""),"""",(AB142-AE142)^2)","=IF(OR(AE142="""",AC142=""""),"""",(AC142-AE142)^2)",
,,,"=IF(OR(B143="""",C143=""""),"""",B143/C143)",,,,,,,,,"=IF(OR(K143="""",L143=""""),"""",K143/(K143+L143))",,,,,,,,,,,,,,,,,,,"=IF(OR(AE143="""",AB143=""""),"""",(AB143-AE143)^2)","=IF(OR(AE143="""",AC143=""""),"""",(AC143-AE143)^2)",
,,,"=IF(OR(B144="""",C144=""""),"""",B144/C144)",,,,,,,,,"=IF(OR(K144="""",L144=""""),"""",K144/(K144+L144))",,,,,,,,,,,,,,,,,,,"=IF(OR(AE144="""",AB144=""""),"""",(AB144-AE144)^2)","=IF(OR(AE144="""",AC144=""""),"""",(AC144-AE144)^2)",
,,,"=IF(OR(B145="""",C145=""""),"""",B145/C145)",,,,,,,,,"=IF(OR(K145="""",L145=""""),"""",K145/(K145+L145))",,,,,,,,,,,,,,,,,,,"=IF(OR(AE145="""",AB145=""""),"""",(AB145-AE145)^2)","=IF(OR(AE145="""",AC145=""""),"""",(AC145-AE145)^2)",
,,,"=IF(OR(B146="""",C146=""""),"""",B146/C146)",,,,,,,,,"=IF(OR(K146="""",L146=""""),"""",K146/(K146+L146))",,,,,,,,,,,,,,,,,,,"=IF(OR(AE146="""",AB146=""""),"""",(AB146-AE146)^2)","=IF(OR(AE146="""",AC146=""""),"""",(AC146-AE146)^2)",
,,,"=IF(OR(B147="""",C147=""""),"""",B147/C147)",,,,,,,,,"=IF(OR(K147="""",L147=""""),"""",K147/(K147+L147))",,,,,,,,,,,,,,,,,,,"=IF(OR(AE147="""",AB147=""""),"""",(AB147-AE147)^2)","=IF(OR(AE147="""",AC147=""""),"""",(AC147-AE147)^2)",
,,,"=IF(OR(B148="""",C148=""""),"""",B148/C148)",,,,,,,,,"=IF(OR(K148="""",L148=""""),"""",K148/(K148+L148))",,,,,,,,,,,,,,,,,,,"=IF(OR(AE148="""",AB148=""""),"""",(AB148-AE148)^2)","=IF(OR(AE148="""",AC148=""""),"""",(AC148-AE148)^2)",
,,,"=IF(OR(B149="""",C149=""""),"""",B149/C149)",,,,,,,,,"=IF(OR(K149="""",L149=""""),"""",K149/(K149+L149))",,,,,,,,,,,,,,,,,,,"=IF(OR(AE149="""",AB149=""""),"""",(AB149-AE149)^2)","=IF(OR(AE149="""",AC149=""""),"""",(AC149-AE149)^2)",
,,,"=IF(OR(B150="""",C150=""""),"""",B150/C150)",,,,,,,,,"=IF(OR(K150="""",L150=""""),"""",K150/(K150+L150))",,,,,,,,,,,,,,,,,,,"=IF(OR(AE150="""",AB150=""""),"""",(AB150-AE150)^2)","=IF(OR(AE150="""",AC150=""""),"""",(AC150-AE150)^2)",
,,,"=IF(OR(B151="""",C151=""""),"""",B151/C151)",,,,,,,,,"=IF(OR(K151="""",L151=""""),"""",K151/(K151+L151))",,,,,,,,,,,,,,,,,,,"=IF(OR(AE151="""",AB151=""""),"""",(AB151-AE151)^2)","=IF(OR(AE151="""",AC151=""""),"""",(AC151-AE151)^2)",
,,,"=IF(OR(B152="""",C152=""""),"""",B152/C152)",,,,,,,,,"=IF(OR(K152="""",L152=""""),"""",K152/(K152+L152))",,,,,,,,,,,,,,,,,,,"=IF(OR(AE152="""",AB152=""""),"""",(AB152-AE152)^2)","=IF(OR(AE152="""",AC152=""""),"""",(AC152-AE152)^2)",
,,,"=IF(OR(B153="""",C153=""""),"""",B153/C153)",,,,,,,,,"=IF(OR(K153="""",L153=""""),"""",K153/(K153+L153))",,,,,,,,,,,,,,,,,,,"=IF(OR(AE153="""",AB153=""""),"""",(AB153-AE153)^2)","=IF(OR(AE153="""",AC153=""""),"""",(AC153-AE153)^2)",
,,,"=IF(OR(B154="""",C154=""""),"""",B154/C154)",,,,,,,,,"=IF(OR(K154="""",L154=""""),"""",K154/(K154+L154))",,,,,,,,,,,,,,,,,,,"=IF(OR(AE154="""",AB154=""""),"""",(AB154-AE154)^2)","=IF(OR(AE154="""",AC154=""""),"""",(AC154-AE154)^2)",
,,,"=IF(OR(B155="""",C155=""""),"""",B155/C155)",,,,,,,,,"=IF(OR(K155="""",L155=""""),"""",K155/(K155+L155))",,,,,,,,,,,,,,,,,,,"=IF(OR(AE155="""",AB155=""""),"""",(AB155-AE155)^2)","=IF(OR(AE155="""",AC155=""""),"""",(AC155-AE155)^2)",
,,,"=IF(OR(B156="""",C156=""""),"""",B156/C156)",,,,,,,,,"=IF(OR(K156="""",L156=""""),"""",K156/(K156+L156))",,,,,,,,,,,,,,,,,,,"=IF(OR(AE156="""",AB156=""""),"""",(AB156-AE156)^2)","=IF(OR(AE156="""",AC156=""""),"""",(AC156-AE156)^2)",
,,,"=IF(OR(B157="""",C157=""""),"""",B157/C157)",,,,,,,,,"=IF(OR(K157="""",L157=""""),"""",K157/(K157+L157))",,,,,,,,,,,,,,,,,,,"=IF(OR(AE157="""",AB157=""""),"""",(AB157-AE157)^2)","=IF(OR(AE157="""",AC157=""""),"""",(AC157-AE157)^2)",
,,,"=IF(OR(B158="""",C158=""""),"""",B158/C158)",,,,,,,,,"=IF(OR(K158="""",L158=""""),"""",K158/(K158+L158))",,,,,,,,,,,,,,,,,,,"=IF(OR(AE158="""",AB158=""""),"""",(AB158-AE158)^2)","=IF(OR(AE158="""",AC158=""""),"""",(AC158-AE158)^2)",
,,,"=IF(OR(B159="""",C159=""""),"""",B159/C159)",,,,,,,,,"=IF(OR(K159="""",L159=""""),"""",K159/(K159+L159))",,,,,,,,,,,,,,,,,,,"=IF(OR(AE159="""",AB159=""""),"""",(AB159-AE159)^2)","=IF(OR(AE159="""",AC159=""""),"""",(AC159-AE159)^2)",
,,,"=IF(OR(B160="""",C160=""""),"""",B160/C160)",,,,,,,,,"=IF(OR(K160="""",L160=""""),"""",K160/(K160+L160))",,,,,,,,,,,,,,,,,,,"=IF(OR(AE160="""",AB160=""""),"""",(AB160-AE160)^2)","=IF(OR(AE160="""",AC160=""""),"""",(AC160-AE160)^2)",
,,,"=IF(OR(B161="""",C161=""""),"""",B161/C161)",,,,,,,,,"=IF(OR(K161="""",L161=""""),"""",K161/(K161+L161))",,,,,,,,,,,,,,,,,,,"=IF(OR(AE161="""",AB161=""""),"""",(AB161-AE161)^2)","=IF(OR(AE161="""",AC161=""""),"""",(AC161-AE161)^2)",
,,,"=IF(OR(B162="""",C162=""""),"""",B162/C162)",,,,,,,,,"=IF(OR(K162="""",L162=""""),"""",K162/(K162+L162))",,,,,,,,,,,,,,,,,,,"=IF(OR(AE162="""",AB162=""""),"""",(AB162-AE162)^2)","=IF(OR(AE162="""",AC162=""""),"""",(AC162-AE162)^2)",
,,,"=IF(OR(B163="""",C163=""""),"""",B163/C163)",,,,,,,,,"=IF(OR(K163="""",L163=""""),"""",K163/(K163+L163))",,,,,,,,,,,,,,,,,,,"=IF(OR(AE163="""",AB163=""""),"""",(AB163-AE163)^2)","=IF(OR(AE163="""",AC163=""""),"""",(AC163-AE163)^2)",
,,,"=IF(OR(B164="""",C164=""""),"""",B164/C164)",,,,,,,,,"=IF(OR(K164="""",L164=""""),"""",K164/(K164+L164))",,,,,,,,,,,,,,,,,,,"=IF(OR(AE164="""",AB164=""""),"""",(AB164-AE164)^2)","=IF(OR(AE164="""",AC164=""""),"""",(AC164-AE164)^2)",
,,,"=IF(OR(B165="""",C165=""""),"""",B165/C165)",,,,,,,,,"=IF(OR(K165="""",L165=""""),"""",K165/(K165+L165))",,,,,,,,,,,,,,,,,,,"=IF(OR(AE165="""",AB165=""""),"""",(AB165-AE165)^2)","=IF(OR(AE165="""",AC165=""""),"""",(AC165-AE165)^2)",
,,,"=IF(OR(B166="""",C166=""""),"""",B166/C166)",,,,,,,,,"=IF(OR(K166="""",L166=""""),"""",K166/(K166+L166))",,,,,,,,,,,,,,,,,,,"=IF(OR(AE166="""",AB166=""""),"""",(AB166-AE166)^2)","=IF(OR(AE166="""",AC166=""""),"""",(AC166-AE166)^2)",
,,,"=IF(OR(B167="""",C167=""""),"""",B167/C167)",,,,,,,,,"=IF(OR(K167="""",L167=""""),"""",K167/(K167+L167))",,,,,,,,,,,,,,,,,,,"=IF(OR(AE167="""",AB167=""""),"""",(AB167-AE167)^2)","=IF(OR(AE167="""",AC167=""""),"""",(AC167-AE167)^2)",
,,,"=IF(OR(B168="""",C168=""""),"""",B168/C168)",,,,,,,,,"=IF(OR(K168="""",L168=""""),"""",K168/(K168+L168))",,,,,,,,,,,,,,,,,,,"=IF(OR(AE168="""",AB168=""""),"""",(AB168-AE168)^2)","=IF(OR(AE168="""",AC168=""""),"""",(AC168-AE168)^2)",
,,,"=IF(OR(B169="""",C169=""""),"""",B169/C169)",,,,,,,,,"=IF(OR(K169="""",L169=""""),"""",K169/(K169+L169))",,,,,,,,,,,,,,,,,,,"=IF(OR(AE169="""",AB169=""""),"""",(AB169-AE169)^2)","=IF(OR(AE169="""",AC169=""""),"""",(AC169-AE169)^2)",
,,,"=IF(OR(B170="""",C170=""""),"""",B170/C170)",,,,,,,,,"=IF(OR(K170="""",L170=""""),"""",K170/(K170+L170))",,,,,,,,,,,,,,,,,,,"=IF(OR(AE170="""",AB170=""""),"""",(AB170-AE170)^2)","=IF(OR(AE170="""",AC170=""""),"""",(AC170-AE170)^2)",
,,,"=IF(OR(B171="""",C171=""""),"""",B171/C171)",,,,,,,,,"=IF(OR(K171="""",L171=""""),"""",K171/(K171+L171))",,,,,,,,,,,,,,,,,,,"=IF(OR(AE171="""",AB171=""""),"""",(AB171-AE171)^2)","=IF(OR(AE171="""",AC171=""""),"""",(AC171-AE171)^2)",
,,,"=IF(OR(B172="""",C172=""""),"""",B172/C172)",,,,,,,,,"=IF(OR(K172="""",L172=""""),"""",K172/(K172+L172))",,,,,,,,,,,,,,,,,,,"=IF(OR(AE172="""",AB172=""""),"""",(AB172-AE172)^2)","=IF(OR(AE172="""",AC172=""""),"""",(AC172-AE172)^2)",
,,,"=IF(OR(B173="""",C173=""""),"""",B173/C173)",,,,,,,,,"=IF(OR(K173="""",L173=""""),"""",K173/(K173+L173))",,,,,,,,,,,,,,,,,,,"=IF(OR(AE173="""",AB173=""""),"""",(AB173-AE173)^2)","=IF(OR(AE173="""",AC173=""""),"""",(AC173-AE173)^2)",
,,,"=IF(OR(B174="""",C174=""""),"""",B174/C174)",,,,,,,,,"=IF(OR(K174="""",L174=""""),"""",K174/(K174+L174))",,,,,,,,,,,,,,,,,,,"=IF(OR(AE174="""",AB174=""""),"""",(AB174-AE174)^2)","=IF(OR(AE174="""",AC174=""""),"""",(AC174-AE174)^2)",
,,,"=IF(OR(B175="""",C175=""""),"""",B175/C175)",,,,,,,,,"=IF(OR(K175="""",L175=""""),"""",K175/(K175+L175))",,,,,,,,,,,,,,,,,,,"=IF(OR(AE175="""",AB175=""""),"""",(AB175-AE175)^2)","=IF(OR(AE175="""",AC175=""""),"""",(AC175-AE175)^2)",
,,,"=IF(OR(B176="""",C176=""""),"""",B176/C176)",,,,,,,,,"=IF(OR(K176="""",L176=""""),"""",K176/(K176+L176))",,,,,,,,,,,,,,,,,,,"=IF(OR(AE176="""",AB176=""""),"""",(AB176-AE176)^2)","=IF(OR(AE176="""",AC176=""""),"""",(AC176-AE176)^2)",
,,,"=IF(OR(B177="""",C177=""""),"""",B177/C177)",,,,,,,,,"=IF(OR(K177="""",L177=""""),"""",K177/(K177+L177))",,,,,,,,,,,,,,,,,,,"=IF(OR(AE177="""",AB177=""""),"""",(AB177-AE177)^2)","=IF(OR(AE177="""",AC177=""""),"""",(AC177-AE177)^2)",
,,,"=IF(OR(B178="""",C178=""""),"""",B178/C178)",,,,,,,,,"=IF(OR(K178="""",L178=""""),"""",K178/(K178+L178))",,,,,,,,,,,,,,,,,,,"=IF(OR(AE178="""",AB178=""""),"""",(AB178-AE178)^2)","=IF(OR(AE178="""",AC178=""""),"""",(AC178-AE178)^2)",
,,,"=IF(OR(B179="""",C179=""""),"""",B179/C179)",,,,,,,,,"=IF(OR(K179="""",L179=""""),"""",K179/(K179+L179))",,,,,,,,,,,,,,,,,,,"=IF(OR(AE179="""",AB179=""""),"""",(AB179-AE179)^2)","=IF(OR(AE179="""",AC179=""""),"""",(AC179-AE179)^2)",
,,,"=IF(OR(B180="""",C180=""""),"""",B180/C180)",,,,,,,,,"=IF(OR(K180="""",L180=""""),"""",K180/(K180+L180))",,,,,,,,,,,,,,,,,,,"=IF(OR(AE180="""",AB180=""""),"""",(AB180-AE180)^2)","=IF(OR(AE180="""",AC180=""""),"""",(AC180-AE180)^2)",
,,,"=IF(OR(B181="""",C181=""""),"""",B181/C181)",,,,,,,,,"=IF(OR(K181="""",L181=""""),"""",K181/(K181+L181))",,,,,,,,,,,,,,,,,,,"=IF(OR(AE181="""",AB181=""""),"""",(AB181-AE181)^2)","=IF(OR(AE181="""",AC181=""""),"""",(AC181-AE181)^2)",
,,,"=IF(OR(B182="""",C182=""""),"""",B182/C182)",,,,,,,,,"=IF(OR(K182="""",L182=""""),"""",K182/(K182+L182))",,,,,,,,,,,,,,,,,,,"=IF(OR(AE182="""",AB182=""""),"""",(AB182-AE182)^2)","=IF(OR(AE182="""",AC182=""""),"""",(AC182-AE182)^2)",
,,,"=IF(OR(B183="""",C183=""""),"""",B183/C183)",,,,,,,,,"=IF(OR(K183="""",L183=""""),"""",K183/(K183+L183))",,,,,,,,,,,,,,,,,,,"=IF(OR(AE183="""",AB183=""""),"""",(AB183-AE183)^2)","=IF(OR(AE183="""",AC183=""""),"""",(AC183-AE183)^2)",
,,,"=IF(OR(B184="""",C184=""""),"""",B184/C184)",,,,,,,,,"=IF(OR(K184="""",L184=""""),"""",K184/(K184+L184))",,,,,,,,,,,,,,,,,,,"=IF(OR(AE184="""",AB184=""""),"""",(AB184-AE184)^2)","=IF(OR(AE184="""",AC184=""""),"""",(AC184-AE184)^2)",
,,,"=IF(OR(B185="""",C185=""""),"""",B185/C185)",,,,,,,,,"=IF(OR(K185="""",L185=""""),"""",K185/(K185+L185))",,,,,,,,,,,,,,,,,,,"=IF(OR(AE185="""",AB185=""""),"""",(AB185-AE185)^2)","=IF(OR(AE185="""",AC185=""""),"""",(AC185-AE185)^2)",
,,,"=IF(OR(B186="""",C186=""""),"""",B186/C186)",,,,,,,,,"=IF(OR(K186="""",L186=""""),"""",K186/(K186+L186))",,,,,,,,,,,,,,,,,,,"=IF(OR(AE186="""",AB186=""""),"""",(AB186-AE186)^2)","=IF(OR(AE186="""",AC186=""""),"""",(AC186-AE186)^2)",
,,,"=IF(OR(B187="""",C187=""""),"""",B187/C187)",,,,,,,,,"=IF(OR(K187="""",L187=""""),"""",K187/(K187+L187))",,,,,,,,,,,,,,,,,,,"=IF(OR(AE187="""",AB187=""""),"""",(AB187-AE187)^2)","=IF(OR(AE187="""",AC187=""""),"""",(AC187-AE187)^2)",
,,,"=IF(OR(B188="""",C188=""""),"""",B188/C188)",,,,,,,,,"=IF(OR(K188="""",L188=""""),"""",K188/(K188+L188))",,,,,,,,,,,,,,,,,,,"=IF(OR(AE188="""",AB188=""""),"""",(AB188-AE188)^2)","=IF(OR(AE188="""",AC188=""""),"""",(AC188-AE188)^2)",
,,,"=IF(OR(B189="""",C189=""""),"""",B189/C189)",,,,,,,,,"=IF(OR(K189="""",L189=""""),"""",K189/(K189+L189))",,,,,,,,,,,,,,,,,,,"=IF(OR(AE189="""",AB189=""""),"""",(AB189-AE189)^2)","=IF(OR(AE189="""",AC189=""""),"""",(AC189-AE189)^2)",
,,,"=IF(OR(B190="""",C190=""""),"""",B190/C190)",,,,,,,,,"=IF(OR(K190="""",L190=""""),"""",K190/(K190+L190))",,,,,,,,,,,,,,,,,,,"=IF(OR(AE190="""",AB190=""""),"""",(AB190-AE190)^2)","=IF(OR(AE190="""",AC190=""""),"""",(AC190-AE190)^2)",
,,,"=IF(OR(B191="""",C191=""""),"""",B191/C191)",,,,,,,,,"=IF(OR(K191="""",L191=""""),"""",K191/(K191+L191))",,,,,,,,,,,,,,,,,,,"=IF(OR(AE191="""",AB191=""""),"""",(AB191-AE191)^2)","=IF(OR(AE191="""",AC191=""""),"""",(AC191-AE191)^2)",
,,,"=IF(OR(B192="""",C192=""""),"""",B192/C192)",,,,,,,,,"=IF(OR(K192="""",L192=""""),"""",K192/(K192+L192))",,,,,,,,,,,,,,,,,,,"=IF(OR(AE192="""",AB192=""""),"""",(AB192-AE192)^2)","=IF(OR(AE192="""",AC192=""""),"""",(AC192-AE192)^2)",
,,,"=IF(OR(B193="""",C193=""""),"""",B193/C193)",,,,,,,,,"=IF(OR(K193="""",L193=""""),"""",K193/(K193+L193))",,,,,,,,,,,,,,,,,,,"=IF(OR(AE193="""",AB193=""""),"""",(AB193-AE193)^2)","=IF(OR(AE193="""",AC193=""""),"""",(AC193-AE193)^2)",
,,,"=IF(OR(B194="""",C194=""""),"""",B194/C194)",,,,,,,,,"=IF(OR(K194="""",L194=""""),"""",K194/(K194+L194))",,,,,,,,,,,,,,,,,,,"=IF(OR(AE194="""",AB194=""""),"""",(AB194-AE194)^2)","=IF(OR(AE194="""",AC194=""""),"""",(AC194-AE194)^2)",
,,,"=IF(OR(B195="""",C195=""""),"""",B195/C195)",,,,,,,,,"=IF(OR(K195="""",L195=""""),"""",K195/(K195+L195))",,,,,,,,,,,,,,,,,,,"=IF(OR(AE195="""",AB195=""""),"""",(AB195-AE195)^2)","=IF(OR(AE195="""",AC195=""""),"""",(AC195-AE195)^2)",
,,,"=IF(OR(B196="""",C196=""""),"""",B196/C196)",,,,,,,,,"=IF(OR(K196="""",L196=""""),"""",K196/(K196+L196))",,,,,,,,,,,,,,,,,,,"=IF(OR(AE196="""",AB196=""""),"""",(AB196-AE196)^2)","=IF(OR(AE196="""",AC196=""""),"""",(AC196-AE196)^2)",
,,,"=IF(OR(B197="""",C197=""""),"""",B197/C197)",,,,,,,,,"=IF(OR(K197="""",L197=""""),"""",K197/(K197+L197))",,,,,,,,,,,,,,,,,,,"=IF(OR(AE197="""",AB197=""""),"""",(AB197-AE197)^2)","=IF(OR(AE197="""",AC197=""""),"""",(AC197-AE197)^2)",
,,,"=IF(OR(B198="""",C198=""""),"""",B198/C198)",,,,,,,,,"=IF(OR(K198="""",L198=""""),"""",K198/(K198+L198))",,,,,,,,,,,,,,,,,,,"=IF(OR(AE198="""",AB198=""""),"""",(AB198-AE198)^2)","=IF(OR(AE198="""",AC198=""""),"""",(AC198-AE198)^2)",
,,,"=IF(OR(B199="""",C199=""""),"""",B199/C199)",,,,,,,,,"=IF(OR(K199="""",L199=""""),"""",K199/(K199+L199))",,,,,,,,,,,,,,,,,,,"=IF(OR(AE199="""",AB199=""""),"""",(AB199-AE199)^2)","=IF(OR(AE199="""",AC199=""""),"""",(AC199-AE199)^2)",
,,,"=IF(OR(B200="""",C200=""""),"""",B200/C200)",,,,,,,,,"=IF(OR(K200="""",L200=""""),"""",K200/(K200+L200))",,,,,,,,,,,,,,,,,,,"=IF(OR(AE200="""",AB200=""""),"""",(AB200-AE200)^2)","=IF(OR(AE200="""",AC200=""""),"""",(AC200-AE200)^2)",
,,,"=IF(OR(B201="""",C201=""""),"""",B201/C201)",,,,,,,,,"=IF(OR(K201="""",L201=""""),"""",K201/(K201+L201))",,,,,,,,,,,,,,,,,,,"=IF(OR(AE201="""",AB201=""""),"""",(AB201-AE201)^2)","=IF(OR(AE201="""",AC201=""""),"""",(AC201-AE201)^2)",
,,,"=IF(OR(B202="""",C202=""""),"""",B202/C202)",,,,,,,,,"=IF(OR(K202="""",L202=""""),"""",K202/(K202+L202))",,,,,,,,,,,,,,,,,,,"=IF(OR(AE202="""",AB202=""""),"""",(AB202-AE202)^2)","=IF(OR(AE202="""",AC202=""""),"""",(AC202-AE202)^2)",
